q,a
แสดง ข้อมูลทั้งหมดของ products ที่ price product อยู่ในช่วง 148 ถึง 176.,"SELECT  *  FROM products  WHERE PPrice BETWEEN ""148"" AND ""176"";"
แสดง ข้อมูลทั้งหมดของ customers ที่ customer number อยู่ในช่วง 20 ถึง 30,"SELECT  *  FROM customers  WHERE CustomerNo BETWEEN ""20"" AND ""30"";"
แสดง ข้อมูลทั้งหมดของ orders_details ที่ product number อยู่ในช่วง Kxbjy ถึง Ogsme.,"SELECT  *  FROM orders_details  WHERE ProductNo BETWEEN ""Kxbjy"" AND ""Ogsme"";"
แสดง ข้อมูลทั้งหมดของ customers ที่ customer number อยู่ในช่วง Ntvzw ถึง Skvmj.,"SELECT  *  FROM customers  WHERE CustomerNo BETWEEN ""Ntvzw"" AND ""Skvmj"";"
แสดง ข้อมูลทั้งหมดของ products ที่ price product อยู่ในช่วง 112 ถึง 378.,"SELECT  *  FROM products  WHERE PPrice BETWEEN ""112"" AND ""378"";"
แสดง ข้อมูลทั้งหมดของ orders_details ที่ order number อยู่ในช่วง Dqkfu ถึง Ifuyw.,"SELECT  *  FROM orders_details  WHERE OrderNo BETWEEN ""Dqkfu"" AND ""Ifuyw"";"
แสดง ข้อมูลทั้งหมดของ products ที่ price product อยู่ในช่วง Mzrdf ถึง Rtqcd.,"SELECT  *  FROM products  WHERE PPrice BETWEEN ""Mzrdf"" AND ""Rtqcd"";"
แสดง ข้อมูลทั้งหมดของ orders_details ที่ order number อยู่ในช่วง Euavx ถึง Vkagx.,"SELECT  *  FROM orders_details  WHERE OrderNo BETWEEN ""Euavx"" AND ""Vkagx"";"
แสดง ข้อมูลทั้งหมดของ products ที่ product number อยู่ในช่วง Pqghe ถึง Yzaow.,"SELECT  *  FROM products  WHERE ProductNo BETWEEN ""Pqghe"" AND ""Yzaow"";"
"แสดง ProductNo,PName,PTotal  จากตาราง products  ที่ PTotal เป็น ""30"" โดยจัดกลุ่มตาม ProductNo .","SELECT  ProductNo,PName,PTotal  FROM products  WHERE PTotal  =  ""30""  GRUOP BY  ProductNo ;"
"แสดง PTotal,PPrice,ProductNo  จากตาราง products  ที่ ProductNo เป็น ""004"" โดยจัดกลุ่มตาม PTotal .","SELECT  PTotal,PPrice,ProductNo  FROM products  WHERE ProductNo  =  ""004""  GRUOP BY  PTotal ;"
"แสดง CAddress,CustomerNo  จากตาราง customers  ที่ CustomerNo เป็น ""CU-002"" โดยจัดกลุ่มตาม CAddress .","SELECT  CAddress,CustomerNo  FROM customers  WHERE CustomerNo  =  ""CU-002""  GRUOP BY  CAddress ;"
"แสดง PPrice  จากตาราง products  ที่ PPrice เป็น ""33"" โดยจัดกลุ่มตาม PPrice .","SELECT  PPrice  FROM products  WHERE PPrice  =  ""33""  GRUOP BY  PPrice ;"
"แสดง CPhone,CProvince,CName,CAddress  จากตาราง customers  ที่ CAddress เป็น ""1/2 M.1 "" โดยจัดกลุ่มตาม CPhone .","SELECT  CPhone,CProvince,CName,CAddress  FROM customers  WHERE CAddress  =  ""1/2 M.1 ""  GRUOP BY  CPhone ;"
"แสดง ODate  จากตาราง orderss  ที่ ODate เป็น ""2016-04-08"" โดยจัดกลุ่มตาม ODate .","SELECT  ODate  FROM orderss  WHERE ODate  =  ""2016-04-08""  GRUOP BY  ODate ;"
"แสดง OrderNo,ProductNo,quantity  จากตาราง orders_details  ที่ quantity เป็น 736 โดยจัดกลุ่มตาม OrderNo .","SELECT  OrderNo,ProductNo,quantity  FROM orders_details  WHERE quantity  =  ""736""  GRUOP BY  OrderNo ;"
"แสดง OrderNo,ProductNo,quantity  จากตาราง orders_details  ที่ quantity เป็น 6 โดยจัดกลุ่มตาม OrderNo .","SELECT  OrderNo,ProductNo,quantity  FROM orders_details  WHERE quantity  =  ""6""  GRUOP BY  OrderNo ;"
"แสดง ProductNo,OrderNo,quantity  จากตาราง orders_details  ที่ quantity เป็น ""12"" โดยจัดกลุ่มตาม ProductNo .","SELECT  ProductNo,OrderNo,quantity  FROM orders_details  WHERE quantity  =  ""12""  GRUOP BY  ProductNo ;"
"แสดง PPrice  จากตาราง products  ที่ PPrice เป็น ""61"" โดยจัดกลุ่มตาม PPrice .","SELECT  PPrice  FROM products  WHERE PPrice  =  ""61""  GRUOP BY  PPrice ;"
แสดง PName  เป็นตัวพิมพ์ใหญ่  จากตาราง products .,SELECT UPPER(PName)  FROM products ;
แสดง CName  เป็นตัวพิมพ์ใหญ่  จากตาราง customers .,SELECT UPPER(CName)  FROM customers ;
แสดง CName  เป็นตัวพิมพ์ใหญ่  จากตาราง customers .,SELECT UPPER(CName)  FROM customers ;
แสดง CName  เป็นตัวพิมพ์เล็ก  จากตาราง customers .,SELECT  LOWER(CName)  FROM customers ;
แสดง PName  เป็นตัวพิมพ์ใหญ่ จากตาราง products .,SELECT UPPER(PName)  FROM products ;
แสดง CName  เป็นตัวพิมพ์เล็ก จากตาราง customers .,SELECT  LOWER(CName)  FROM customers ;
แสดง CName  เป็นตัวพิมพ์ใหญ่ จากตาราง customers .,SELECT UPPER(CName)  FROM customers ;
แสดง CName  เป็นตัวพิมพ์เล็ก จากตาราง customers .,SELECT  LOWER(CName)  FROM customers ;
แสดง CName  เป็นตัวพิมพ์ใหญ่ จากตาราง customers .,SELECT UPPER(CName)  FROM customers ;
แสดง CName  เป็นตัวพิมพ์ใหญ่ จากตาราง customers .,SELECT UPPER(CName)  FROM customers ;
แสดง CName  เป็นตัวพิมพ์ใหญ่ จากตาราง customers .,SELECT UPPER(CName)  FROM customers ;
แสดง CName  เป็นตัวพิมพ์เล็ก จากตาราง customers .,SELECT  LOWER(CName)  FROM customers ;
แสดง CName  เป็นตัวพิมพ์เล็ก จากตาราง customers .,SELECT  LOWER(CName)  FROM customers ;
แสดง CName  เป็นตัวพิมพ์เล็ก จากตาราง customers .,SELECT  LOWER(CName)  FROM customers ;
แสดง CName  เป็นตัวพิมพ์ใหญ่ จากตาราง customers .,SELECT UPPER(CName)  FROM customers ;
แสดง CName  เป็นตัวพิมพ์ใหญ่จากตาราง customers .,SELECT UPPER(CName)  FROM customers ;
แสดง CName เป็นตัวพิมพ์เล็กจากตาราง customers .,SELECT  LOWER(CName)  FROM customers ;
แสดง CName  เป็นตัวพิมพ์ใหญ่จากตาราง customers .,SELECT UPPER(CName)  FROM customers ;
แสดง CName เป็นตัวพิมพ์เล็กจากตาราง customers .,SELECT  LOWER(CName)  FROM customers ;
แสดง PName  เป็นตัวพิมพ์ใหญ่จากตาราง products .,SELECT UPPER(PName)  FROM products ;
แสดง PName เป็นตัวพิมพ์เล็กจากตาราง products .,SELECT  LOWER(PName)  FROM products ;
"แสดง ODate,OrderNo,CustomerNo จากตาราง orderss  ที่ CustomerNo เป็น CU-001 โดยจัดกลุ่มตาม ODate .","SELECT  ODate,OrderNo,CustomerNo  FROM orderss  WHERE CustomerNo  =  ""CU-001""  GRUOP BY  ODate ;"
"แสดง ODate,CustomerNo,OrderNo จากตาราง orderss  ที่ OrderNo เป็น ""OR-004"" โดยจัดกลุ่มตาม ODate .","SELECT  ODate,CustomerNo,OrderNo  FROM orderss  WHERE OrderNo  =  ""OR-004""  GRUOP BY  ODate ;"
"แสดง PPrice,PTotal,PName,ProductNo จากตาราง products  ที่ ProductNo เป็น ""003"" โดยจัดกลุ่มตาม PPrice .","SELECT  PPrice,PTotal,PName,ProductNo  FROM products  WHERE ProductNo  =  ""003""  GRUOP BY  PPrice ;"
"แสดง PPrice,ProductNo,PTotal,PName จากตาราง products  ที่ PName เป็น LUMIA โดยจัดกลุ่มตาม PPrice .","SELECT  PPrice,ProductNo,PTotal,PName  FROM products  WHERE PName  =  ""LUMIA""  GRUOP BY  PPrice ;"
"แสดง PPrice,PTotal,PName,ProductNo จากตาราง products  ที่ ProductNo เป็น ""001"" โดยจัดกลุ่มตาม PPrice .","SELECT  PPrice,PTotal,PName,ProductNo  FROM products  WHERE ProductNo  =  ""001""  GRUOP BY  PPrice ;"
"แสดง OrderNo จากตาราง orders_details  ที่ OrderNo เป็น ""OR-004"" โดยจัดกลุ่มตาม OrderNo .","SELECT  OrderNo  FROM orders_details  WHERE OrderNo  =  ""OR-004""  GRUOP BY  OrderNo ;"
"แสดง OrderNo,ProductNo,quantity จากตาราง orders_details  ที่ quantity เป็น 12 โดยจัดกลุ่มตาม OrderNo .","SELECT  OrderNo,ProductNo,quantity  FROM orders_details  WHERE quantity  =  ""12""  GRUOP BY  OrderNo ;"
"แสดง CName,CProvince,CustomerNo,CPhone จากตาราง customers  ที่ CPhone เป็น ""0479623181"" โดยจัดกลุ่มตาม CName .","SELECT  CName,CProvince,CustomerNo,CPhone  FROM customers  WHERE CPhone  =  ""0479623181""  GRUOP BY  CName ;"
แสดง ข้อมูลทั้งหมดจากตาราง products  โดยเรียงลำดับ PTotal จากน้อยไปมาก.,SELECT  *  FROM products  ORDER BY  PTotal ;
"แสดง Ototal,ODate,CustomerNo,OrderNo จากตาราง orderss  ที่ OrderNo เป็น ""OR-002"" โดยจัดกลุ่มตาม Ototal .","SELECT  Ototal,ODate,CustomerNo,OrderNo  FROM orderss  WHERE OrderNo  =  ""OR-002""  GRUOP BY  Ototal ;"
"แสดง OrderNo,ProductNo,quantity จากตาราง orders_details  ที่ quantity เป็น 6 โดยจัดกลุ่มตาม OrderNo .","SELECT  OrderNo,ProductNo,quantity  FROM orders_details  WHERE quantity  =  ""6""  GRUOP BY  OrderNo ;"
แสดง ข้อมูลทั้งหมดจากตาราง orders_details  โดยเรียงลำดับ OrderNo จากน้อยไปมาก.,SELECT  *  FROM orders_details  ORDER BY  OrderNo ;
"แสดง PTotal,ProductNo,PName,PPrice จากตาราง products  ที่ PPrice เป็น ""61"" โดยจัดกลุ่มตาม PTotal .","SELECT  PTotal,ProductNo,PName,PPrice  FROM products  WHERE PPrice  =  ""61""  GRUOP BY  PTotal ;"
"แสดง OrderNo จากตาราง orders_details  ที่ OrderNo เป็น ""OR-002"" โดยจัดกลุ่มตาม OrderNo .","SELECT  OrderNo  FROM orders_details  WHERE OrderNo  =  ""OR-002""  GRUOP BY  OrderNo ;"
แสดง CName เป็นตัวพิมพ์เล็กจากตาราง customers .,SELECT  LOWER(CName)  FROM customers ;
แสดง CName เป็นตัวพิมพ์เล็กจากตาราง customers .,SELECT  LOWER(CName)  FROM customers ;
แสดง CName เป็นตัวพิมพ์เล็กจากตาราง customers .,SELECT  LOWER(CName)  FROM customers ;
"แสดง Ototal,CustomerNo จากตาราง orderss  ที่ CustomerNo เป็น ""CU-002"" โดยจัดกลุ่มตาม Ototal .","SELECT  Ototal,CustomerNo  FROM orderss  WHERE CustomerNo  =  ""CU-002""  GRUOP BY  Ototal ;"
"แสดง ProductNo,PTotal,PName จากตาราง products  ที่ PName เป็น ""LUMIA"" โดยจัดกลุ่มตาม ProductNo .","SELECT  ProductNo,PTotal,PName  FROM products  WHERE PName  =  ""LUMIA""  GRUOP BY  ProductNo ;"
"แสดง CProvince,CName จากตาราง customers  ที่ CName เป็น ""Jutarmas Yodrat"" โดยจัดกลุ่มตาม CProvince .","SELECT  CProvince,CName  FROM customers  WHERE CName  =  ""Jutarmas Yodrat""  GRUOP BY  CProvince ;"
แสดง ข้อมูลทั้งหมดจากตาราง orderss  โดยเรียงลำดับ Ototal จากน้อยไปมาก.,SELECT  *  FROM orderss  ORDER BY  Ototal ;
"แสดง ProductNo,OrderNo จากตาราง orders_details  ที่ OrderNo เป็น OR-002 โดยจัดกลุ่มตาม ProductNo .","SELECT  ProductNo,OrderNo  FROM orders_details  WHERE OrderNo  =  ""OR-002""  GRUOP BY  ProductNo ;"
แสดง ข้อมูลทั้งหมดจากตาราง customers  โดยเรียงลำดับ CustomerNo จากน้อยไปมาก.,SELECT  *  FROM customers  ORDER BY  CustomerNo ;
แสดง OrderNo จากตาราง orderss  ที่ OrderNo เป็น OR-001 โดยจัดกลุ่มตาม OrderNo .,"SELECT  OrderNo  FROM orderss  WHERE OrderNo  =  ""OR-001""  GRUOP BY  OrderNo ;"
แสดง ข้อมูลทั้งหมดจากตาราง products  โดยเรียงลำดับ ProductNo จากน้อยไปมาก.,SELECT  *  FROM products  ORDER BY  ProductNo ;
"แสดง PName,PPrice,ProductNo,PTotal จากตาราง products  ที่ PTotal เป็น 30 โดยจัดกลุ่มตาม PName .","SELECT  PName,PPrice,ProductNo,PTotal  FROM products  WHERE PTotal  =  ""30""  GRUOP BY  PName ;"
แสดง ProductNo จากตาราง orders_details  ที่ ProductNo เป็น 004 โดยจัดกลุ่มตาม ProductNo .,"SELECT  ProductNo  FROM orders_details  WHERE ProductNo  =  ""004""  GRUOP BY  ProductNo ;"
แสดง PTotal จากตาราง products  สำหรับ PTotal ที่ total product เป็นตัวพิมพ์เล็ก 30 .,SELECT  PTotal  FROM products  WHERE PTotal < 30 ;
"แสดง OrderNo,Ototal,CustomerNo,ODate จากตาราง orderss  ที่ ODate เป็น 2016-04-08 โดยจัดกลุ่มตาม OrderNo .","SELECT  OrderNo,Ototal,CustomerNo,ODate  FROM orderss  WHERE ODate  =  ""2016-04-08""  GRUOP BY  OrderNo ;"
แสดง ข้อมูลทั้งหมดจากตาราง orders_details  โดยเรียงลำดับ ProductNo จากน้อยไปมาก.,SELECT  *  FROM orders_details  ORDER BY  ProductNo ;
แสดง ข้อมูลทั้งหมดจากตาราง customers  โดยเรียงลำดับ CName จากน้อยไปมาก.,SELECT  *  FROM customers  ORDER BY  CName ;
"แสดง ProductNo,PName,PTotal,PPrice จากตาราง products  ที่ PPrice เป็น ""61"" โดยจัดกลุ่มตาม ProductNo .","SELECT  ProductNo,PName,PTotal,PPrice  FROM products  WHERE PPrice  =  ""61""  GRUOP BY  ProductNo ;"
"แสดง CustomerNo,OrderNo จากตาราง orderss  ที่ OrderNo เป็น ""OR-004"" โดยจัดกลุ่มตาม CustomerNo .","SELECT  CustomerNo,OrderNo  FROM orderss  WHERE OrderNo  =  ""OR-004""  GRUOP BY  CustomerNo ;"
"แสดง CName,CustomerNo,CProvince,CAddress จากตาราง customers  ที่ CAddress เป็น ""214 M.12"" โดยจัดกลุ่มตาม CName .","SELECT  CName,CustomerNo,CProvince,CAddress  FROM customers  WHERE CAddress  =  ""214 M.12""  GRUOP BY  CName ;"
แสดง ข้อมูลทั้งหมดจากตาราง products  โดยเรียงลำดับ PTotal จากน้อยไปมาก.,SELECT  *  FROM products  ORDER BY  PTotal ;
"แสดง OrderNo,ProductNo จากตาราง orders_details  ที่ ProductNo เป็น ""003"" โดยจัดกลุ่มตาม OrderNo .","SELECT  OrderNo,ProductNo  FROM orders_details  WHERE ProductNo  =  ""003""  GRUOP BY  OrderNo ;"
แสดง ข้อมูลทั้งหมดจากตาราง products  โดยเรียงลำดับ ProductNo จากน้อยไปมาก.,SELECT  *  FROM products  ORDER BY  ProductNo ;
แสดง ข้อมูลทั้งหมดจากตาราง orderss  โดยเรียงลำดับ CustomerNo จากน้อยไปมาก.,SELECT  *  FROM orderss  ORDER BY  CustomerNo ;
แสดง OrderNo จากตาราง orderss  ที่ OrderNo เป็น OR-004 โดยจัดกลุ่มตาม OrderNo .,"SELECT  OrderNo  FROM orderss  WHERE OrderNo  =  ""OR-004""  GRUOP BY  OrderNo ;"
"แสดง quantity,ProductNo จากตาราง orders_details  ที่ ProductNo เป็น ""004"" โดยจัดกลุ่มตาม quantity .","SELECT  quantity,ProductNo  FROM orders_details  WHERE ProductNo  =  ""004""  GRUOP BY  quantity ;"
"แสดง ODate,Ototal,CustomerNo,OrderNo จากตาราง orderss  ที่ OrderNo เป็น ""OR-002"" โดยจัดกลุ่มตาม ODate .","SELECT  ODate,Ototal,CustomerNo,OrderNo  FROM orderss  WHERE OrderNo  =  ""OR-002""  GRUOP BY  ODate ;"
แสดง quantity จากตาราง orders_details  สำหรับ quantity ที่ quantity product มากกว่า 4 .,SELECT  quantity  FROM orders_details  WHERE quantity > 4 ;
แสดง ข้อมูลทั้งหมดของ ตารางorderss .,SELECT  *  FROM orderss ;
แสดง ข้อมูลทั้งหมดของ ตารางproducts .,SELECT  *  FROM products ;
แสดง ข้อมูลทั้งหมดof all ตารางorderss  โดย customer number เป็นCU-001,"SELECT  *  FROM orderss  WHERE CustomerNo  =  ""CU-001"" ;"
แสดง ข้อมูลทั้งหมดof all ตารางorderss  โดย date order เป็น2016-04-08,"SELECT  *  FROM orderss  WHERE ODate  =  ""2016-04-08"" ;"
แสดง ข้อมูลทั้งหมดของ ตารางorderss .,SELECT  *  FROM orderss ;
แสดง ข้อมูลทั้งหมดของ ตารางorders_details .,SELECT  *  FROM orders_details ;
แสดง ข้อมูลทั้งหมดของ ตารางproducts .,SELECT  *  FROM products ;
แสดง ข้อมูลทั้งหมดของ ตารางcustomers .,SELECT  *  FROM customers ;
แสดง ข้อมูลทั้งหมดของ ตารางcustomers .,SELECT  *  FROM customers ;
แสดง ข้อมูลทั้งหมดของ ตารางorders_details .,SELECT  *  FROM orders_details ;
แสดง ข้อมูลทั้งหมดของ ตารางorderss .,SELECT  *  FROM orderss ;
แสดง ข้อมูลทั้งหมดของ ตารางproducts .,SELECT  *  FROM products ;
แสดง ข้อมูลทั้งหมดof all ตารางorderss  โดย total order เป็น89,SELECT  *  FROM orderss  WHERE Ototal  =  89 ;
แสดง ข้อมูลทั้งหมดof all ตารางorderss  โดย order number เป็นOR-002,"SELECT  *  FROM orderss  WHERE OrderNo  =  ""OR-002"" ;"
แสดง ข้อมูลทั้งหมดof all ตารางproducts  โดย product name เป็นBARF,"SELECT  *  FROM products  WHERE PName  =  ""BARF"" ;"
แสดง ข้อมูลทั้งหมดof all ตารางorders_details  โดย product number เป็น001,"SELECT  *  FROM orders_details  WHERE ProductNo  =  ""001"" ;"
แสดง ข้อมูลทั้งหมดของ ตารางorderss .,SELECT  *  FROM orderss ;
แสดง ข้อมูลทั้งหมดของ ตารางproducts .,SELECT  *  FROM products ;
แสดง ข้อมูลทั้งหมดของ ตารางorders_details .,SELECT  *  FROM orders_details ;
แสดง ข้อมูลทั้งหมดของ ตารางorders_details  โดย order number เป็นOR-002,"SELECT  *  FROM orders_details  WHERE OrderNo  =  ""OR-002"" ;"
แสดง ข้อมูลทั้งหมดของ ตารางcustomers  โดย customer number เป็นCU-002,"SELECT  *  FROM customers  WHERE CustomerNo  =  ""CU-002"" ;"
แสดง ข้อมูลทั้งหมดของ ตารางorders_details  โดย order number เป็นOR-002,"SELECT  *  FROM orders_details  WHERE OrderNo  =  ""OR-002"" ;"
"แสดง ข้อมูลของ  customers  ทั้งหมดของ CAddress,CName .","SELECT  CAddress,CName  FROM customers ;"
"แสดง ข้อมูลของ  CustomerNo,OrderNo,Ototal,ODate  ทั้งหมดของ orderss .","SELECT  CustomerNo,OrderNo,Ototal,ODate  FROM orderss ;"
"แสดง ข้อมูลของ  orderss  ทั้งหมดของ CustomerNo,OrderNo,Ototal,ODate .","SELECT  CustomerNo,OrderNo,Ototal,ODate  FROM orderss ;"
"แสดง ข้อมูลของ  ProductNo,OrderNo  ทั้งหมดของ orders_details .","SELECT  ProductNo,OrderNo  FROM orders_details ;"
"แสดง ข้อมูลของ  products  ทั้งหมดของ ProductNo,PTotal,PName,PPrice .","SELECT  ProductNo,PTotal,PName,PPrice  FROM products ;"
"แสดง ข้อมูลของ  orders_details  ทั้งหมดของ ProductNo,OrderNo .","SELECT  ProductNo,OrderNo  FROM orders_details ;"
"แสดง ข้อมูลของ  CAddress,CName  ทั้งหมดของ customers .","SELECT  CAddress,CName  FROM customers ;"
แสดงcustomer province จากตาราง customers  ที่ขึ้นต้นด้วย R และลงท้ายด้วย T.,"SELECT  CProvince  FROM customers  WHERE CProvince LIKE ""R%  ""%T"" ;"
แสดงcustomer province จากตาราง customers  ที่ขึ้นต้นด้วย J .,"SELECT  CProvince  FROM customers  WHERE CProvince LIKE ""J%  "" ;"
แสดงcustomer address จากตาราง customers  ที่ขึ้นต้นด้วย H .,"SELECT  CAddress  FROM customers  WHERE CAddress LIKE ""H%  "" ;"
แสดงdate order จากตาราง orderss  ที่ขึ้นต้นด้วย Y และลงท้ายด้วย R.,"SELECT  CustomerNo  FROM orderss  WHERE CustomerNo LIKE ""Y%  ""%R"" ;"
แสดงphone number จากตาราง customers  ที่ขึ้นต้นด้วย Y .,"SELECT  CPhone  FROM customers  WHERE CPhone LIKE ""Y%  "" ;"
แสดงproduct name จากตาราง products  ที่ขึ้นต้นด้วย N และลงท้ายด้วย Q.,"SELECT  PName  FROM products  WHERE PName LIKE ""N%  ""%Q"" ;"
แสดงphone number จากตาราง customers  ที่ขึ้นต้นด้วย X .,"SELECT  CPhone  FROM customers  WHERE CPhone LIKE ""X%  "" ;"
แสดงรายละเอียดของตาราง  quantity พร้อมทั้ง feild_name1 และ feild_name2 จากตาราง  products .,"SELECT  orders_details.quantity, products.PName  FROM orders_details  JOIN  products  ON  orders_details.ProductNo = products.ProductNo ;"
แสดงรายละเอียดของตาราง  CPhone พร้อมทั้ง feild_name1 และ feild_name2 จากตาราง  orderss  ของแต่ละ  CustomerNo.,"SELECT  customers.CPhone, orderss.ODate, orderss.Ototal, orderss.OrderNo  FROM customers  ,  orderss  WHERE  customers.CustomerNo = orderss.CustomerNo ;"
แสดงรายละเอียดของตาราง  CPhone พร้อมทั้ง feild_name1 และ feild_name2 จากตาราง  orderss .,"SELECT  customers.CPhone, orderss.ODate, orderss.Ototal, orderss.OrderNo  FROM customers  JOIN  orderss  ON  customers.CustomerNo = orderss.CustomerNo ;"
Showรายละเอียดของตาราง  orderss และ customers ที่มี CustomerNo ตรงกัน .,SELECT  *  FROM orderss  JOIN  customers  WHERE  orderss.CustomerNo = customers.CustomerNo ;
"แสดงรายละเอียดของตาราง  quantity พร้อมทั้ง Ototal, ODate, CustomerNo จากตาราง  orderss .","SELECT  orders_details.quantity, orderss.Ototal, orderss.ODate, orderss.CustomerNo  FROM orders_details  JOIN  orderss  ON  orders_details.OrderNo = orderss.OrderNo ;"
Selectรายละเอียดของตาราง  customers และ orderss ที่มี CustomerNo ตรงกัน .,SELECT  *  FROM customers  JOIN  orderss  WHERE  customers.CustomerNo = orderss.CustomerNo ;
"แสดงรายละเอียดของตาราง  quantity พร้อมทั้ง Ototal, ODate, CustomerNo จากตาราง  orderss  ของแต่ละ  OrderNo.","SELECT  orders_details.quantity, orderss.Ototal, orderss.ODate, orderss.CustomerNo  FROM orders_details  ,  orderss  WHERE  orders_details.OrderNo = orderss.OrderNo ;"
Showรายละเอียดของตาราง  orders_details และ orderss ที่มี OrderNo ตรงกัน .,SELECT  *  FROM orders_details  JOIN  orderss  WHERE  orders_details.OrderNo = orderss.OrderNo ;
แสดงรายละเอียดของตาราง  quantity พร้อมทั้ง CustomerNo จากตาราง  orderss .,"SELECT  orders_details.quantity, orderss.CustomerNo  FROM orders_details  JOIN  orderss  ON  orders_details.OrderNo = orderss.OrderNo ;"
แสดงรายละเอียดของตาราง  Ototal พร้อมทั้ง OrderNo จากตาราง  orders_details  ของแต่ละ  OrderNo.,"SELECT  orderss.Ototal, orders_details.OrderNo  FROM orderss  ,  orders_details  WHERE  orderss.OrderNo = orders_details.OrderNo ;"
แสดงรายละเอียดของตาราง  orderss และ orders_details ที่มี OrderNo ตรงกัน .,SELECT  *  FROM orderss  JOIN  orders_details  WHERE  orderss.OrderNo = orders_details.OrderNo ;
แสดงรายละเอียดของตาราง  Ototal พร้อมทั้ง OrderNo จากตาราง  orders_details .,"SELECT  orderss.Ototal, orders_details.OrderNo  FROM orderss  JOIN  orders_details  ON  orderss.OrderNo = orders_details.OrderNo ;"
"แสดง รายละเอียดของตาราง  Ototal พร้อมทั้ง OrderNo, ProductNo จากตาราง  orders_details  ของแต่ละ  OrderNo.","SELECT  orderss.Ototal, orders_details.OrderNo, orders_details.ProductNo  FROM orderss  ,  orders_details  WHERE  orderss.OrderNo = orders_details.OrderNo ;"
"แสดง รายละเอียดของตาราง  quantity พร้อมทั้ง OrderNo, CustomerNo จากตาราง  orderss .","SELECT  orders_details.quantity, orderss.OrderNo, orderss.CustomerNo  FROM orders_details  JOIN  orderss  ON  orders_details.OrderNo = orderss.OrderNo ;"
"แสดง รายละเอียดของตาราง  quantity พร้อมทั้ง OrderNo, CustomerNo จากตาราง  orderss  ของแต่ละ  OrderNo.","SELECT  orders_details.quantity, orderss.OrderNo, orderss.CustomerNo  FROM orders_details  ,  orderss  WHERE  orders_details.OrderNo = orderss.OrderNo ;"
"แสดง รายละเอียดของตาราง  Ototal พร้อมทั้ง quantity, ProductNo, OrderNo จากตาราง  orders_details  ของแต่ละ  OrderNo.","SELECT  orderss.Ototal, orders_details.quantity, orders_details.ProductNo, orders_details.OrderNo  FROM orderss  ,  orders_details  WHERE  orderss.OrderNo = orders_details.OrderNo ;"
"แสดง รายละเอียดของตาราง  quantity พร้อมทั้ง ODate, OrderNo จากตาราง  orderss  ของแต่ละ  OrderNo.","SELECT  orders_details.quantity, orderss.ODate, orderss.OrderNo  FROM orders_details  ,  orderss  WHERE  orders_details.OrderNo = orderss.OrderNo ;"
"แสดง รายละเอียดของตาราง  quantity พร้อมทั้ง ODate, OrderNo จากตาราง  orderss .","SELECT  orders_details.quantity, orderss.ODate, orderss.OrderNo  FROM orders_details  JOIN  orderss  ON  orders_details.OrderNo = orderss.OrderNo ;"
Listรายละเอียดของตาราง  orders_details และ products ที่มี ProductNo ตรงกัน .,SELECT  *  FROM orders_details  JOIN  products  WHERE  orders_details.ProductNo = products.ProductNo ;
"แสดงรายละเอียดของตาราง  Ototal พร้อมทั้ง OrderNo, ProductNo, quantity จากตาราง  orders_details  ของแต่ละ  OrderNo.","SELECT  orderss.Ototal, orders_details.OrderNo, orders_details.ProductNo, orders_details.quantity  FROM orderss  ,  orders_details  WHERE  orderss.OrderNo = orders_details.OrderNo ;"
"แสดงรายละเอียดของตาราง  quantity พร้อมทั้ง PName, PTotal, PPrice, ProductNo จากตาราง  products  ของแต่ละ  ProductNo.","SELECT  orders_details.quantity, products.PName, products.PTotal, products.PPrice, products.ProductNo  FROM orders_details  ,  products  WHERE  orders_details.ProductNo = products.ProductNo ;"
"แสดงรายละเอียดของตาราง  Ototal พร้อมทั้ง OrderNo, ProductNo, quantity จากตาราง  orders_details .","SELECT  orderss.Ototal, orders_details.OrderNo, orders_details.ProductNo, orders_details.quantity  FROM orderss  JOIN  orders_details  ON  orderss.OrderNo = orders_details.OrderNo ;"
แสดงรายละเอียดของตาราง  CPhone พร้อมทั้ง Ototal จากตาราง  orderss .,"SELECT  customers.CPhone, orderss.Ototal  FROM customers  JOIN  orderss  ON  customers.CustomerNo = orderss.CustomerNo ;"
แสดงรายละเอียดของตาราง  products และ orders_details ที่มี ProductNo ตรงกัน .,SELECT  *  FROM products  JOIN  orders_details  WHERE  products.ProductNo = orders_details.ProductNo ;
แสดงรายละเอียดของตาราง  CPhone พร้อมทั้ง Ototal จากตาราง  orderss  ของแต่ละ  CustomerNo.,"SELECT  customers.CPhone, orderss.Ototal  FROM customers  ,  orderss  WHERE  customers.CustomerNo = orderss.CustomerNo ;"
"แสดงรายละเอียดของตาราง  PTotal พร้อมทั้ง quantity, OrderNo จากตาราง  orders_details .","SELECT  products.PTotal, orders_details.quantity, orders_details.OrderNo  FROM products  JOIN  orders_details  ON  products.ProductNo = orders_details.ProductNo ;"
แสดงรายละเอียดของตาราง  orderss และ customers ที่มี CustomerNo ตรงกัน .,SELECT  *  FROM orderss  JOIN  customers  WHERE  orderss.CustomerNo = customers.CustomerNo ;
แสดงรายละเอียดของตาราง  orders_details และ products ที่มี ProductNo ตรงกัน .,SELECT  *  FROM orders_details  JOIN  products  WHERE  orders_details.ProductNo = products.ProductNo ;
แสดงรายละเอียดของตาราง  Ototal พร้อมทั้ง CProvince จากตาราง  customers .,"SELECT  orderss.Ototal, customers.CProvince  FROM orderss  JOIN  customers  ON  orderss.CustomerNo = customers.CustomerNo ;"
"แสดงรายละเอียดของตาราง  quantity พร้อมทั้ง PName, ProductNo, PPrice จากตาราง  products .","SELECT  orders_details.quantity, products.PName, products.ProductNo, products.PPrice  FROM orders_details  JOIN  products  ON  orders_details.ProductNo = products.ProductNo ;"
แสดงรายละเอียดของตาราง  Ototal พร้อมทั้ง OrderNo จากตาราง  orders_details .,"SELECT  orderss.Ototal, orders_details.OrderNo  FROM orderss  JOIN  orders_details  ON  orderss.OrderNo = orders_details.OrderNo ;"
"แสดงรายละเอียดของตาราง  PTotal พร้อมทั้ง quantity, OrderNo, ProductNo จากตาราง  orders_details .","SELECT  products.PTotal, orders_details.quantity, orders_details.OrderNo, orders_details.ProductNo  FROM products  JOIN  orders_details  ON  products.ProductNo = orders_details.ProductNo ;"
แสดงรายละเอียดของตาราง  CPhone พร้อมทั้ง OrderNo จากตาราง  orderss  ของแต่ละ  CustomerNo.,"SELECT  customers.CPhone, orderss.OrderNo  FROM customers  ,  orderss  WHERE  customers.CustomerNo = orderss.CustomerNo ;"
แสดงรายละเอียดของตาราง  Ototal พร้อมทั้ง OrderNo จากตาราง  orders_details  ของแต่ละ  OrderNo.,"SELECT  orderss.Ototal, orders_details.OrderNo  FROM orderss  ,  orders_details  WHERE  orderss.OrderNo = orders_details.OrderNo ;"
แสดงรายละเอียดของตาราง  quantity พร้อมทั้ง ODate จากตาราง  orderss  ของแต่ละ  OrderNo.,"SELECT  orders_details.quantity, orderss.ODate  FROM orders_details  ,  orderss  WHERE  orders_details.OrderNo = orderss.OrderNo ;"
แสดงรายละเอียดของตาราง  orders_details และ orderss ที่มี OrderNo ตรงกัน .,SELECT  *  FROM orders_details  JOIN  orderss  WHERE  orders_details.OrderNo = orderss.OrderNo ;
แสดงรายละเอียดของตาราง  quantity พร้อมทั้ง ODate จากตาราง  orderss .,"SELECT  orders_details.quantity, orderss.ODate  FROM orders_details  JOIN  orderss  ON  orders_details.OrderNo = orderss.OrderNo ;"
แสดงรายละเอียดของตาราง  orderss และ orders_details ที่มี OrderNo ตรงกัน .,SELECT  *  FROM orderss  JOIN  orders_details  WHERE  orderss.OrderNo = orders_details.OrderNo ;
"แสดงรายละเอียดของตาราง  CPhone พร้อมทั้ง Ototal, ODate จากตาราง  orderss  ของแต่ละ  CustomerNo.","SELECT  customers.CPhone, orderss.Ototal, orderss.ODate  FROM customers  ,  orderss  WHERE  customers.CustomerNo = orderss.CustomerNo ;"
แสดงรายละเอียดของตาราง  orders_details และ products ที่มี ProductNo ตรงกัน .,SELECT  *  FROM orders_details  JOIN  products  WHERE  orders_details.ProductNo = products.ProductNo ;
"แสดงรายละเอียดของตาราง  quantity พร้อมทั้ง ProductNo, PTotal, PPrice จากตาราง  products  ของแต่ละ  ProductNo.","SELECT  orders_details.quantity, products.ProductNo, products.PTotal, products.PPrice  FROM orders_details  ,  products  WHERE  orders_details.ProductNo = products.ProductNo ;"
"แสดงรายละเอียดของตาราง  CPhone พร้อมทั้ง Ototal, ODate จากตาราง  orderss .","SELECT  customers.CPhone, orderss.Ototal, orderss.ODate  FROM customers  JOIN  orderss  ON  customers.CustomerNo = orderss.CustomerNo ;"
แสดง  the  ค่าเฉลี่ยของ total order และจำนวนของ  total order  โดยจัดกลุ่มตาม CustomerNo  ซึ่งค่าเฉลี่ยของ  average  total order ต้อง  มากกว่า  16.,"SELECT CustomerNo, AVG(Ototal), CustomerNo =  COUNT(*) FROM orderss GROUP BY CustomerNo HAVING AVG(Ototal)  > 16 ;"
แสดง  the  ค่าเฉลี่ยของ total order และจำนวนของ  total order  โดยจัดกลุ่มตาม CustomerNo  ซึ่งค่าเฉลี่ยของ  average  total order ต้อง  น้อยกว่า  16.,"SELECT CustomerNo, AVG(Ototal), CustomerNo =  COUNT(*) FROM orderss GROUP BY CustomerNo HAVING AVG(Ototal)  < 16 ;"
แสดง  the  ค่าเฉลี่ยของ price product และจำนวนของ  product number  โดยจัดกลุ่มตาม PPrice  ซึ่งค่าเฉลี่ยของ  average  price product ต้อง  น้อยกว่า  70.,"SELECT PPrice, AVG(PPrice), ProductNo =  COUNT(*) FROM products GROUP BY PPrice HAVING AVG(PPrice)  < 70 ;"
แสดง  the  ค่าเฉลี่ยของ quantity product และจำนวนของ  order number  โดยจัดกลุ่มตาม ProductNo  ซึ่งค่าเฉลี่ยของ  average  quantity product ต้อง  มากกว่า  47.,"SELECT ProductNo, AVG(quantity), OrderNo =  COUNT(*) FROM orders_details GROUP BY ProductNo HAVING AVG(quantity)  > 47 ;"
แสดง  the  ค่าเฉลี่ยของ quantity product และจำนวนของ  order number  โดยจัดกลุ่มตาม ProductNo  ซึ่งค่าเฉลี่ยของ  average  quantity product ต้อง  น้อยกว่า  47.,"SELECT ProductNo, AVG(quantity), OrderNo =  COUNT(*) FROM orders_details GROUP BY ProductNo HAVING AVG(quantity)  < 47 ;"
แสดง   ค่าเฉลี่ยของ price product และจำนวนของ  product number  โดยจัดกลุ่มตาม PName  ซึ่ง  ค่าเฉลี่ยของ  price product ต้อง  น้อยกว่า  17.,"SELECT PName, AVG(PPrice), ProductNo =  COUNT(*) FROM products GROUP BY PName HAVING AVG(PPrice)  < 17 ;"
แสดง   ค่าเฉลี่ยของ price product และจำนวนของ  product number  โดยจัดกลุ่มตาม PName  ซึ่ง  ค่าเฉลี่ยของ  price product ต้อง  มากกว่า  17.,"SELECT PName, AVG(PPrice), ProductNo =  COUNT(*) FROM products GROUP BY PName HAVING AVG(PPrice)  > 17 ;"
แสดง   ค่าเฉลี่ยของ quantity product และจำนวนของ  order number  โดยจัดกลุ่มตาม quantity  ซึ่ง  ค่าเฉลี่ยของ  quantity product ต้อง  มากกว่า  03.,"SELECT quantity, AVG(quantity), OrderNo =  COUNT(*) FROM orders_details GROUP BY quantity HAVING AVG(quantity)  > 03 ;"
แสดง   ค่าเฉลี่ยของ total order และจำนวนของ  total order  โดยจัดกลุ่มตาม Ototal  ซึ่ง  ค่าเฉลี่ยของ  total order ต้อง  มากกว่า  78.,"SELECT Ototal, AVG(Ototal), CustomerNo =  COUNT(*) FROM orderss GROUP BY Ototal HAVING AVG(Ototal)  > 78 ;"
แสดง ค่าเฉลี่ยของ quantity product และจำนวนของ  order number  โดยจัดกลุ่มตาม ProductNo  ซึ่ง  ค่าเฉลี่ยของ  quantity product ต้อง  น้อยกว่า  94.,"SELECT ProductNo, AVG(quantity), OrderNo =  COUNT(*) FROM orders_details GROUP BY ProductNo HAVING AVG(quantity)  < 94 ;"
แสดง ค่าเฉลี่ยของ price product และจำนวนของ  product number  โดยจัดกลุ่มตาม PName  ซึ่ง  ค่าเฉลี่ยของ  price product ต้อง  มากกว่า  94.,"SELECT PName, AVG(PPrice), ProductNo =  COUNT(*) FROM products GROUP BY PName HAVING AVG(PPrice)  > 94 ;"
แสดง ค่าเฉลี่ยของ total order และจำนวนของ  total order  โดยจัดกลุ่มตาม ODate  ซึ่ง  ค่าเฉลี่ยของ  total order ต้อง  น้อยกว่า  78.,"SELECT ODate, AVG(Ototal), CustomerNo =  COUNT(*) FROM orderss GROUP BY ODate HAVING AVG(Ototal)  < 78 ;"
แสดง ค่าเฉลี่ยของ quantity product และจำนวนของ  order number  โดยจัดกลุ่มตาม ProductNo  ซึ่ง  ค่าเฉลี่ยของ  quantity product ต้อง  มากกว่า  94.,"SELECT ProductNo, AVG(quantity), OrderNo =  COUNT(*) FROM orders_details GROUP BY ProductNo HAVING AVG(quantity)  > 94 ;"
แสดง ค่าเฉลี่ยของ price product และจำนวนของ  product number  โดยจัดกลุ่มตาม PTotal  ซึ่งค่าเฉลี่ยของ  price product ต้อง  น้อยกว่า  89.,"SELECT PTotal, AVG(PPrice), ProductNo =  COUNT(*) FROM products GROUP BY PTotal HAVING AVG(PPrice)  < 89 ;"
แสดง ค่าเฉลี่ยของ total order และจำนวนของ  total order  โดยจัดกลุ่มตาม CustomerNo  ซึ่งค่าเฉลี่ยของ  total order ต้อง  น้อยกว่า  04.,"SELECT CustomerNo, AVG(Ototal), CustomerNo =  COUNT(*) FROM orderss GROUP BY CustomerNo HAVING AVG(Ototal)  < 04 ;"
แสดง ค่าเฉลี่ยของ price product และจำนวนของ  product number  โดยจัดกลุ่มตาม PTotal  ซึ่งค่าเฉลี่ยของ  price product ต้อง  มากกว่า  89.,"SELECT PTotal, AVG(PPrice), ProductNo =  COUNT(*) FROM products GROUP BY PTotal HAVING AVG(PPrice)  > 89 ;"
แสดง ค่าเฉลี่ยของ quantity product และจำนวนของ  order number  โดยจัดกลุ่มตาม ProductNo  ซึ่งค่าเฉลี่ยของ  quantity product ต้อง  มากกว่า  10.,"SELECT ProductNo, AVG(quantity), OrderNo =  COUNT(*) FROM orders_details GROUP BY ProductNo HAVING AVG(quantity)  > 10 ;"
แสดง ค่าเฉลี่ยของ total order และจำนวนของ  total order  โดยจัดกลุ่มตาม ODate  ซึ่งค่าเฉลี่ยของ  total order ต้องน้อยกว่า  93.,"SELECT ODate, AVG(Ototal), CustomerNo =  COUNT(*) FROM orderss GROUP BY ODate HAVING AVG(Ototal)  < 93 ;"
แสดง ค่าเฉลี่ยของ price product และจำนวนของ  product number  โดยจัดกลุ่มตาม PTotal  ซึ่งค่าเฉลี่ยของ  price product ต้องมากกว่า  43.,"SELECT PTotal, AVG(PPrice), ProductNo =  COUNT(*) FROM products GROUP BY PTotal HAVING AVG(PPrice)  > 43 ;"
แสดง ค่าเฉลี่ยของ quantity product และจำนวนของ  order number  โดยจัดกลุ่มตาม quantity  ซึ่งค่าเฉลี่ยของ  quantity product ต้องน้อยกว่า  52.,"SELECT quantity, AVG(quantity), OrderNo =  COUNT(*) FROM orders_details GROUP BY quantity HAVING AVG(quantity)  < 52 ;"
แสดง  total order พร้อมทั้ง quantity product และ price product จากตาราง orders_details .,"SELECT  orderss.Ototal, orders_details.quantity, products.PPrice  FROM orderss  JOIN  orders_details  ON  orderss.OrderNo = orders_details.OrderNo  JOIN  products  ON  orders_details.ProductNo = products.ProductNo ;"
แสดง  total order พร้อมทั้ง quantity product และ total product จากตาราง orders_details .,"SELECT  orderss.Ototal, orders_details.quantity, products.PTotal  FROM orderss  JOIN  orders_details  ON  orderss.OrderNo = orders_details.OrderNo  JOIN  products  ON  orders_details.ProductNo = products.ProductNo ;"
แสดง  total order พร้อมทั้ง quantity product และ price product จากตาราง orders_details .,"SELECT  orderss.Ototal, orders_details.quantity, products.PPrice  FROM orderss  JOIN  orders_details  ON  orderss.OrderNo = orders_details.OrderNo  JOIN  products  ON  orders_details.ProductNo = products.ProductNo ;"
แสดง  total order พร้อมทั้ง quantity product และ total product จากตาราง orders_details .,"SELECT  orderss.Ototal, orders_details.quantity, products.PTotal  FROM orderss  JOIN  orders_details  ON  orderss.OrderNo = orders_details.OrderNo  JOIN  products  ON  orders_details.ProductNo = products.ProductNo ;"
แสดง  total order พร้อมทั้ง quantity product และ total product จากตาราง orders_details .,"SELECT  orderss.Ototal, orders_details.quantity, products.PTotal  FROM orderss  JOIN  orders_details  ON  orderss.OrderNo = orders_details.OrderNo  JOIN  products  ON  orders_details.ProductNo = products.ProductNo ;"
แสดง  total order พร้อมทั้ง quantity product และ total product จากตาราง orders_details .,"SELECT  orderss.Ototal, orders_details.quantity, products.PTotal  FROM orderss  JOIN  orders_details  ON  orderss.OrderNo = orders_details.OrderNo  JOIN  products  ON  orders_details.ProductNo = products.ProductNo ;"
แสดงค่าเฉลี่ยของtotal product และจำนวนของ product number โดยจัดกลุ่มตาม product name ซึ่งค่าเฉลี่ยของ  total product ต้อง  มากกว่า  14 .,"SELECT PName, AVG(PTotal), ProductNo =  COUNT(*) FROM products GROUP BY PName HAVING AVG(PTotal)  > 14 ;"
แสดงค่าเฉลี่ยของtotal product และจำนวนของ product number โดยจัดกลุ่มตาม product name ซึ่งค่าเฉลี่ยของ  total product ต้อง  น้อยกว่า  74 .,"SELECT PName, AVG(PTotal), ProductNo =  COUNT(*) FROM products GROUP BY PName HAVING AVG(PTotal)  < 74 ;"
แสดงค่าเฉลี่ยของquantity product และจำนวนของ order number โดยจัดกลุ่มตาม product number ซึ่งค่าเฉลี่ยของ  quantity product ต้อง  มากกว่า  79 .,"SELECT ProductNo, AVG(quantity), OrderNo =  COUNT(*) FROM orders_details GROUP BY ProductNo HAVING AVG(quantity)  > 79 ;"
แสดงค่าเฉลี่ยของquantity product และจำนวนของ order number โดยจัดกลุ่มตาม product number ซึ่งค่าเฉลี่ยของ  quantity product ต้อง  น้อยกว่า  79 .,"SELECT ProductNo, AVG(quantity), OrderNo =  COUNT(*) FROM orders_details GROUP BY ProductNo HAVING AVG(quantity)  < 79 ;"
แสดงค่าเฉลี่ยของtotal product และจำนวนของ product number โดยจัดกลุ่มตาม product name ซึ่งค่าเฉลี่ยของ  total product ต้อง  น้อยกว่า  14 .,"SELECT PName, AVG(PTotal), ProductNo =  COUNT(*) FROM products GROUP BY PName HAVING AVG(PTotal)  < 14 ;"
แสดง orders_details sorted in  descending  order by ProductNo  so that the orders_details with the largest ProductNo appear first .,SELECT  *  FROM orders_details  ORDER BY  ProductNo  DESC ;
"แสดงOrderNo,Ototal,CustomerNo for each  orderss sorted in  alphabetical  order by CustomerNo .","SELECT  OrderNo,Ototal,CustomerNo  FROM orderss  ORDER BY  CustomerNo ;"
"แสดงquantity,ProductNo for each  orders_details sorted in  alphabetical  order by ProductNo .","SELECT  quantity,ProductNo  FROM orders_details  ORDER BY  ProductNo ;"
แสดง orderss sorted in  descending  order by CustomerNo  so that the orderss with the largest CustomerNo appear first .,SELECT  *  FROM orderss  ORDER BY  CustomerNo  DESC ;
แสดง ค่าเฉลี่ยของ total order และจำนวนของ  total order  โดยจัดกลุ่มตาม ODate  ซึ่งค่าเฉลี่ยของ  total order ต้องน้อยกว่า  50.,"SELECT ODate, AVG(Ototal), CustomerNo =  COUNT(*) FROM orderss GROUP BY ODate HAVING AVG(Ototal)  < 50 ;"
แสดง ค่าเฉลี่ยของ price product และจำนวนของ  product number  โดยจัดกลุ่มตาม PTotal  ซึ่งค่าเฉลี่ยของ  price product ต้องมากกว่า  38.,"SELECT PTotal, AVG(PPrice), ProductNo =  COUNT(*) FROM products GROUP BY PTotal HAVING AVG(PPrice)  > 38 ;"
แสดง ค่าเฉลี่ยของ total order และจำนวนของ  total order  โดยจัดกลุ่มตาม ODate  ซึ่งค่าเฉลี่ยของ  total order ต้องมากกว่า  50.,"SELECT ODate, AVG(Ototal), CustomerNo =  COUNT(*) FROM orderss GROUP BY ODate HAVING AVG(Ototal)  > 50 ;"
แสดง ค่าเฉลี่ยของ price product และจำนวนของ  product number  โดยจัดกลุ่มตาม PTotal  ซึ่งค่าเฉลี่ยของ  price product ต้องน้อยกว่า  38.,"SELECT PTotal, AVG(PPrice), ProductNo =  COUNT(*) FROM products GROUP BY PTotal HAVING AVG(PPrice)  < 38 ;"
"แสดงquantity,OrderNo,ProductNo for each  orders_details sorted in  alphabetical  order by ProductNo .","SELECT  quantity,OrderNo,ProductNo  FROM orders_details  ORDER BY  ProductNo ;"
แสดงPTotal for each  products sorted in  alphabetical  order by PTotal .,SELECT  PTotal  FROM products  ORDER BY  PTotal ;
แสดง orders_details โดยเรียงลำดับ  จากน้อยไปมาก  order by quantity  so that the orders_details with the largest quantity appear first .,SELECT  *  FROM orders_details  ORDER BY  quantity  DESC ;
แสดง orderss โดยเรียงลำดับ  จากน้อยไปมาก  order by Ototal  so that the orderss with the largest Ototal appear first .,SELECT  *  FROM orderss  ORDER BY  Ototal  DESC ;
แสดง orderss โดยเรียงลำดับ  จากน้อยไปมาก  order by ODate  so that the orderss with the largest ODate appear first .,SELECT  *  FROM orderss  ORDER BY  ODate  DESC ;
แสดงOrderNo  orders_details โดยเรียงลำดับ  จากมากไปน้อย  order by OrderNo .,SELECT  OrderNo  FROM orders_details  ORDER BY  OrderNo ;
แสดง products โดยเรียงลำดับ  จากน้อยไปมาก  order by PName  so that the products with the largest PName appear first .,SELECT  *  FROM products  ORDER BY  PName  DESC ;
"แสดงProductNo,PPrice ของ  products โดยเรียงลำดับ  จากมากไปน้อย  order by PPrice .","SELECT  ProductNo,PPrice  FROM products  ORDER BY  PPrice ;"
"แสดงOtotal,CustomerNo ของ  orderss โดยเรียงลำดับ  จากมากไปน้อย  order by CustomerNo .","SELECT  Ototal,CustomerNo  FROM orderss  ORDER BY  CustomerNo ;"
"แสดงข้อมูลทั้งหมดของตารางPPrice,PTotal,ProductNo ของ  products โดยเรียงลำดับ  จากมากไปน้อย  order by ProductNo .","SELECT  PPrice,PTotal,ProductNo  FROM products  ORDER BY  ProductNo ;"
แสดงข้อมูลทั้งหมดของตารางquantity ของ  orders_details โดยเรียงลำดับ  จากมากไปน้อย  order by quantity .,SELECT  quantity  FROM orders_details  ORDER BY  quantity ;
"แสดงProductNo,OrderNo,quantity ของ  orders_details โดยเรียงลำดับ  จากมากไปน้อย  order by quantity .","SELECT  ProductNo,OrderNo,quantity  FROM orders_details  ORDER BY  quantity ;"
แสดงProductNo ของ  products โดยเรียงลำดับ  จากมากไปน้อย  order by ProductNo .,SELECT  ProductNo  FROM products  ORDER BY  ProductNo ;
แสดงPPrice ของ  products โดยเรียงลำดับ  product number .,SELECT  PPrice  FROM products  ORDER BY  PPrice ;
แสดงquantity ของ  orders_details โดยเรียงลำดับ  order number .,SELECT  quantity  FROM orders_details  ORDER BY  quantity ;
แสดงODate ของ  orderss โดยเรียงลำดับ  total order  จากน้อยไปมาก .,SELECT  ODate  FROM orderss  ORDER BY  ODate ;
แสดงOrderNo ของ  orders_details โดยเรียงลำดับ  order number  จากน้อยไปมาก .,SELECT  OrderNo  FROM orders_details  ORDER BY  OrderNo ;
แสดงProductNo ของ  orders_details โดยเรียงลำดับ  order number  จากน้อยไปมาก .,SELECT  ProductNo  FROM orders_details  ORDER BY  ProductNo ;
"แสดงProductNo,PPrice ของ  products โดยเรียงลำดับ  product number  จากน้อยไปมาก .","SELECT  ProductNo,PPrice  FROM products  ORDER BY  PPrice ;"
"แสดงODate,OrderNo,CustomerNo ของ  orderss โดยเรียงลำดับ  total order  จากน้อยไปมาก .","SELECT  ODate,OrderNo,CustomerNo  FROM orderss  ORDER BY  CustomerNo ;"
"แสดงPTotal,PPrice ของ  products โดยเรียงลำดับ  product number  จากน้อยไปมาก .","SELECT  PTotal,PPrice  FROM products  ORDER BY  PPrice ;"
แสดงOrderNo ของ  orders_details โดยเรียงลำดับ  order number  จากน้อยไปมาก .,SELECT  OrderNo  FROM orders_details  ORDER BY  OrderNo ;
"แสดงOtotal,ODate,CustomerNo ของ  orderss โดยเรียงลำดับ  total order  จากน้อยไปมาก .","SELECT  Ototal,ODate,CustomerNo  FROM orderss  ORDER BY  CustomerNo ;"
แสดงข้อมูลทั้งหมดของตาราง  orderss โดยเรียงลำดับ  จากน้อยไปมาก  order by ODate  so that the orderss with the largest ODate appear first .,SELECT  *  FROM orderss  ORDER BY  ODate  DESC ;
แสดงข้อมูลทั้งหมดของตาราง  orders_details โดยเรียงลำดับ  จากน้อยไปมาก  order by ProductNo  so that the orders_details with the largest ProductNo appear first .,SELECT  *  FROM orders_details  ORDER BY  ProductNo  DESC ;
แสดงข้อมูลทั้งหมดของตาราง  orderss โดยเรียงลำดับ  total order  จากมากไปน้อย .,SELECT  *  FROM orderss  ORDER BY  OrderNo  DESC ;
แสดงข้อมูลทั้งหมดของตาราง  orders_details โดยเรียงลำดับ  order number  จากมากไปน้อย .,SELECT  *  FROM orders_details  ORDER BY  ProductNo  DESC ;
แสดงข้อมูลทั้งหมดของตาราง  products โดยเรียงลำดับ  product number  จากมากไปน้อย .,SELECT  *  FROM products  ORDER BY  PPrice  DESC ;
แสดงข้อมูลทั้งหมดของตาราง  products โดยเรียงลำดับ  product number  จากมากไปน้อย .,SELECT  *  FROM products  ORDER BY  PTotal  DESC ;
แสดงข้อมูลทั้งหมดของตาราง  orders_details โดยเรียงลำดับ  order number  จากมากไปน้อย .,SELECT  *  FROM orders_details  ORDER BY  OrderNo  DESC ;
แสดงข้อมูลทั้งหมดของตาราง  orderss โดยเรียงลำดับ  total order  จากมากไปน้อย .,SELECT  *  FROM orderss  ORDER BY  CustomerNo  DESC ;
แสดงข้อมูลทั้งหมดของตาราง  orderss โดยเรียงลำดับ  total order  จากมากไปน้อย .,SELECT  *  FROM orderss  ORDER BY  ODate  DESC ;
แสดงข้อมูลทั้งหมดของตาราง  orderss โดยเรียงลำดับ  จากน้อยไปมาก  order by Ototal  so that the orderss with the largest Ototal appear first .,SELECT  *  FROM orderss  ORDER BY  Ototal  DESC ;
แสดงข้อมูลทั้งหมดของตาราง  orders_details โดยเรียงลำดับ  จากน้อยไปมาก  order by quantity  so that the orders_details with the largest quantity appear first .,SELECT  *  FROM orders_details  ORDER BY  quantity  DESC ;
แสดงข้อมูลทั้งหมดของตาราง  orderss โดยเรียงลำดับ  จากน้อยไปมาก  order by OrderNo  so that the orderss with the largest OrderNo appear first .,SELECT  *  FROM orderss  ORDER BY  OrderNo  DESC ;
แสดงข้อมูลทั้งหมดของตาราง  products โดยเรียงลำดับ  จากน้อยไปมาก  order by  โดยจัดกลุ่มตาม PName .,SELECT  *  FROM products  ORDER BY  PName  DESC ;
แสดงข้อมูลทั้งหมดของตาราง  orderss โดยเรียงลำดับ  จากน้อยไปมาก  order by  โดยจัดกลุ่มตาม Ototal .,SELECT  *  FROM orderss  ORDER BY  Ototal  DESC ;
แสดงข้อมูลทั้งหมดของตาราง  orders_details โดยเรียงลำดับ  quantity  จากมากไปน้อย .,SELECT  *  FROM orders_details  ORDER BY  quantity  DESC ;
แสดงข้อมูลทั้งหมดของตาราง  orderss โดยเรียงลำดับ  Ototal  จากมากไปน้อย .,SELECT  *  FROM orderss  ORDER BY  Ototal  DESC ;
"แสดงProductNo,PPrice,PTotal,PName ของ  products โดยเรียงลำดับ  PName  จากน้อยไปมาก .","SELECT  ProductNo,PPrice,PTotal,PName  FROM products  ORDER BY  PName ;"
แสดงOrderNo ของ  orderss โดยเรียงลำดับ  OrderNo  จากน้อยไปมาก .,SELECT  OrderNo  FROM orderss  ORDER BY  OrderNo ;
"แสดงProductNo,quantity ของ  orders_details โดยเรียงลำดับ  quantity  จากน้อยไปมาก .","SELECT  ProductNo,quantity  FROM orders_details  ORDER BY  quantity ;"
แสดงข้อมูลทั้งหมดของตาราง  products โดยเรียงลำดับ  PName  จากมากไปน้อย .,SELECT  *  FROM products  ORDER BY  PName  DESC ;
แสดงข้อมูลทั้งหมดของตาราง  orderss โดยเรียงลำดับ  OrderNo  จากมากไปน้อย ,SELECT  *  FROM orderss  ORDER BY  OrderNo  DESC ;
"แสดงProductNo,OrderNo,quantity ของ  orders_details โดยเรียงลำดับ  quantity  จากน้อยไปมาก ","SELECT  ProductNo,OrderNo,quantity  FROM orders_details  ORDER BY  quantity ;"
แสดงข้อมูลทั้งหมดของตาราง  ค่าเฉลี่ยของ price product และจำนวนของ  product number  PName  so that the products with the largest PName appear first  ซึ่ง total มากกว่า น้อยกว่า .,"SELECT PName, AVG(PPrice), ProductNo =  COUNT(*) FROM products GROUP BY PName HAVING AVG(PPrice)  < 25 ;"
แสดงข้อมูลทั้งหมดของตาราง  ค่าเฉลี่ยของ quantity product และจำนวนของ  order number  OrderNo  so that the orders_details with the largest OrderNo appear first  ซึ่ง total มากกว่า น้อยกว่า .,"SELECT OrderNo, AVG(quantity), OrderNo =  COUNT(*) FROM orders_details GROUP BY OrderNo HAVING AVG(quantity)  < 50 ;"
แสดงข้อมูลทั้งหมดของตาราง  ค่าเฉลี่ยของ price product และจำนวนของ  product number  PName  so that the products with the largest PName appear first  ซึ่ง total  price product ต้องน้อยกว่า .,"SELECT PName, AVG(PPrice), ProductNo =  COUNT(*) FROM products GROUP BY PName HAVING AVG(PPrice)  > 25 ;"
แสดงข้อมูลทั้งหมดของตาราง  ค่าเฉลี่ยของ total order และจำนวนของ  total order  CustomerNo  so that the orderss with the largest CustomerNo appear first  ซึ่ง total  total order ต้องน้อยกว่า .,"SELECT CustomerNo, AVG(Ototal), CustomerNo =  COUNT(*) FROM orderss GROUP BY CustomerNo HAVING AVG(Ototal)  > 02 ;"
"แสดงPTotal,PName,PPrice,ProductNo ของ  products โดยเรียงลำดับ  ProductNo  จากน้อยไปมาก ","SELECT  PTotal,PName,PPrice,ProductNo  FROM products  ORDER BY  ProductNo ;"
แสดงข้อมูลทั้งหมดของตาราง  ค่าเฉลี่ยของ total order และจำนวนของ  total order  Ototal  so that the orderss with the largest Ototal appear first  ซึ่ง total มากกว่า น้อยกว่า .,"SELECT Ototal, AVG(Ototal), CustomerNo =  COUNT(*) FROM orderss GROUP BY Ototal HAVING AVG(Ototal)  < 39 ;"
แสดงข้อมูลทั้งหมดของตาราง  ค่าเฉลี่ยของ quantity product และจำนวนของ  order number  quantity  so that the orders_details with the largest quantity appear first  ซึ่ง total มากกว่า น้อยกว่า .,"SELECT quantity, AVG(quantity), OrderNo =  COUNT(*) FROM orders_details GROUP BY quantity HAVING AVG(quantity)  < 53 ;"
"แสดงODate,Ototal,OrderNo ของ  orderss โดยเรียงลำดับ  OrderNo  จากน้อยไปมาก ","SELECT  ODate,Ototal,OrderNo  FROM orderss  ORDER BY  OrderNo ;"
แสดงข้อมูลทั้งหมดของตาราง  orders_details โดยเรียงลำดับ  ProductNo  จากมากไปน้อย ,SELECT  *  FROM orders_details  ORDER BY  ProductNo  DESC ;
แสดงข้อมูลทั้งหมดของตาราง  orderss โดยเรียงลำดับ  OrderNo  จากมากไปน้อย ,SELECT  *  FROM orderss  ORDER BY  OrderNo  DESC ;
"แสดงODate,OrderNo ของ  orderss โดยเรียงลำดับ  OrderNo  จากน้อยไปมาก ","SELECT  ODate,OrderNo  FROM orderss  ORDER BY  OrderNo ;"
แสดงข้อมูลทั้งหมดของตาราง  orderss โดยเรียงลำดับ  OrderNo  จากมากไปน้อย ,SELECT  *  FROM orderss  ORDER BY  OrderNo  DESC ;
แสดงข้อมูลทั้งหมดของตาราง  products โดยเรียงลำดับ  PPrice  จากมากไปน้อย ,SELECT  *  FROM products  ORDER BY  PPrice  DESC ;
"แสดงPPrice,PTotal,ProductNo,PName ของ  products โดยเรียงลำดับ  PName  จากน้อยไปมาก ","SELECT  PPrice,PTotal,ProductNo,PName  FROM products  ORDER BY  PName ;"
"แสดงOtotal,OrderNo ของ  orderss โดยเรียงลำดับ  OrderNo  จากน้อยไปมาก ","SELECT  Ototal,OrderNo  FROM orderss  ORDER BY  OrderNo ;"
แสดงข้อมูลทั้งหมดของตาราง  orderss โดยเรียงลำดับ  OrderNo  จากมากไปน้อย ,SELECT  *  FROM orderss  ORDER BY  OrderNo  DESC ;
แสดงข้อมูลทั้งหมดของตาราง  orders_details โดยเรียงลำดับ  ProductNo  จากมากไปน้อย ,SELECT  *  FROM orders_details  ORDER BY  ProductNo  DESC ;
แสดงข้อมูลทั้งหมดของตาราง  products โดยเรียงลำดับ  PName  จากมากไปน้อย ,SELECT  *  FROM products  ORDER BY  PName  DESC ;
แสดงข้อมูลทั้งหมดของตาราง  orderss โดยเรียงลำดับ  OrderNo  จากมากไปน้อย ,SELECT  *  FROM orderss  ORDER BY  OrderNo  DESC ;
แสดงข้อมูลทั้งหมดของตาราง  orders_details โดยเรียงลำดับ  quantity  จากมากไปน้อย ,SELECT  *  FROM orders_details  ORDER BY  quantity  DESC ;
"แสดงProductNo,PPrice,PTotal ของ  products โดยเรียงลำดับ  PTotal  จากน้อยไปมาก ","SELECT  ProductNo,PPrice,PTotal  FROM products  ORDER BY  PTotal ;"
แสดงข้อมูลทั้งหมดของตาราง  orderss โดยเรียงลำดับ  Ototal  จากมากไปน้อย ,SELECT  *  FROM orderss  ORDER BY  Ototal  DESC ;
"แสดงOrderNo,CustomerNo ของ  orderss โดยเรียงลำดับ  CustomerNo  จากน้อยไปมาก ","SELECT  OrderNo,CustomerNo  FROM orderss  ORDER BY  CustomerNo ;"
"แสดงProductNo,PName,PPrice,PTotal ของ  products โดยเรียงลำดับ  PTotal  จากน้อยไปมาก ","SELECT  ProductNo,PName,PPrice,PTotal  FROM products  ORDER BY  PTotal ;"
แสดงข้อมูลทั้งหมดของตาราง  orders_details โดยเรียงลำดับ  quantity  จากมากไปน้อย ,SELECT  *  FROM orders_details  ORDER BY  quantity  DESC ;
แสดงquantity ของ  orders_details โดยเรียงลำดับ  quantity  จากน้อยไปมาก ,SELECT  quantity  FROM orders_details  ORDER BY  quantity ;
"แสดงProductNo,OrderNo,quantity ของ  orders_details โดยเรียงลำดับ  quantity  จากน้อยไปมาก ","SELECT  ProductNo,OrderNo,quantity  FROM orders_details  ORDER BY  quantity ;"
แสดงPTotal ของ  products โดยเรียงลำดับ  PTotal  จากน้อยไปมาก ,SELECT  PTotal  FROM products  ORDER BY  PTotal ;
แสดงข้อมูลทั้งหมดของตาราง  products โดยเรียงลำดับ  PTotal  จากมากไปน้อย ,SELECT  *  FROM products  ORDER BY  PTotal  DESC ;
แสดงข้อมูลทั้งหมดของตาราง  orders_details โดยเรียงลำดับ  quantity  จากมากไปน้อย ,SELECT  *  FROM orders_details  ORDER BY  quantity  DESC ;
"แสดงProductNo,PTotal,PName,PPrice ของ  products โดยเรียงลำดับ  PPrice  จากน้อยไปมาก ","SELECT  ProductNo,PTotal,PName,PPrice  FROM products  ORDER BY  PPrice ;"
"แสดงODate,CustomerNo,Ototal ของ  orderss โดยเรียงลำดับ  Ototal  จากน้อยไปมาก ","SELECT  ODate,CustomerNo,Ototal  FROM orderss  ORDER BY  Ototal ;"
แสดงข้อมูลทั้งหมดของตาราง  ค่าเฉลี่ยของ total order และจำนวนของ  total order  Ototal  so that the orderss with the largest Ototal appear first  ซึ่ง total มากกว่า น้อยกว่า .,"SELECT Ototal, AVG(Ototal), CustomerNo =  COUNT(*) FROM orderss GROUP BY Ototal HAVING AVG(Ototal)  < 13 ;"
แสดงข้อมูลทั้งหมดของตาราง  ค่าเฉลี่ยของ quantity product และจำนวนของ  order number  quantity  so that the orders_details with the largest quantity appear first  ซึ่ง total มากกว่า น้อยกว่า .,"SELECT quantity, AVG(quantity), OrderNo =  COUNT(*) FROM orders_details GROUP BY quantity HAVING AVG(quantity)  < 36 ;"
แสดงข้อมูลทั้งหมดของตาราง  orders_details โดยเรียงลำดับ  OrderNo  จากมากไปน้อย ,SELECT  *  FROM orders_details  ORDER BY  OrderNo  DESC ;
แสดงข้อมูลทั้งหมดของตาราง  products โดยเรียงลำดับ  PPrice  จากมากไปน้อย ,SELECT  *  FROM products  ORDER BY  PPrice  DESC ;
แสดงข้อมูลทั้งหมดของตาราง  ค่าเฉลี่ยของ quantity product และจำนวนของ  order number  OrderNo  so that the orders_details with the largest OrderNo appear first  ซึ่ง total มากกว่า น้อยกว่า .,"SELECT OrderNo, AVG(quantity), OrderNo =  COUNT(*) FROM orders_details GROUP BY OrderNo HAVING AVG(quantity)  < 21 ;"
แสดงข้อมูลทั้งหมดของตาราง  ค่าเฉลี่ยของ total order และจำนวนของ  total order  Ototal  so that the orderss with the largest Ototal appear first  ซึ่ง total มากกว่า น้อยกว่า .,"SELECT Ototal, AVG(Ototal), CustomerNo =  COUNT(*) FROM orderss GROUP BY Ototal HAVING AVG(Ototal)  < 86 ;"
แสดงข้อมูลทั้งหมดของตาราง  ค่าเฉลี่ยของ price product และจำนวนของ  product number  ProductNo  so that the products with the largest ProductNo appear first  ซึ่ง total มากกว่า น้อยกว่า .,"SELECT ProductNo, AVG(PPrice), ProductNo =  COUNT(*) FROM products GROUP BY ProductNo HAVING AVG(PPrice)  < 34 ;"
แสดงข้อมูลทั้งหมดของตาราง  orders_details โดยเรียงลำดับ  OrderNo  จากมากไปน้อย ,SELECT  *  FROM orders_details  ORDER BY  OrderNo  DESC ;
"แสดงProductNo,PName ของ  products โดยเรียงลำดับ  PName  จากน้อยไปมาก ","SELECT  ProductNo,PName  FROM products  ORDER BY  PName ;"
แสดงข้อมูลทั้งหมดของตาราง  products โดยเรียงลำดับ  PName  จากมากไปน้อย ,SELECT  *  FROM products  ORDER BY  PName  DESC ;
"แสดงquantity,ProductNo,OrderNo ของ  orders_details โดยเรียงลำดับ  OrderNo  จากน้อยไปมาก ","SELECT  quantity,ProductNo,OrderNo  FROM orders_details  ORDER BY  OrderNo ;"
แสดงข้อมูลทั้งหมดของตาราง  orders_details โดยเรียงลำดับ  ProductNo  จากมากไปน้อย ,SELECT  *  FROM orders_details  ORDER BY  ProductNo  DESC ;
แสดงProductNo ของ  orders_details โดยเรียงลำดับ  ProductNo  จากน้อยไปมาก ,SELECT  ProductNo  FROM orders_details  ORDER BY  ProductNo ;
แสดงข้อมูลทั้งหมดของตาราง  products โดยเรียงลำดับ  ProductNo  จากมากไปน้อย ,SELECT  *  FROM products  ORDER BY  ProductNo  DESC ;
"แสดงPPrice,PTotal,ProductNo ของ  products โดยเรียงลำดับ  ProductNo  จากน้อยไปมาก ","SELECT  PPrice,PTotal,ProductNo  FROM products  ORDER BY  ProductNo ;"
แสดงข้อมูลทั้งหมดของตาราง  orderss โดยเรียงลำดับ  OrderNo  จากมากไปน้อย ,SELECT  *  FROM orderss  ORDER BY  OrderNo  DESC ;
แสดงPName ของ  products โดยเรียงลำดับ  PName  จากน้อยไปมาก ,SELECT  PName  FROM products  ORDER BY  PName ;
แสดงOrderNo ของ  orderss โดยเรียงลำดับ  OrderNo  จากน้อยไปมาก ,SELECT  OrderNo  FROM orderss  ORDER BY  OrderNo ;
แสดงข้อมูลทั้งหมดของตาราง  orders_details โดยเรียงลำดับ  ProductNo  จากมากไปน้อย ,SELECT  *  FROM orders_details  ORDER BY  ProductNo  DESC ;
"แสดงquantity,ProductNo ของ  orders_details โดยเรียงลำดับ  ProductNo  จากน้อยไปมาก ","SELECT  quantity,ProductNo  FROM orders_details  ORDER BY  ProductNo ;"
แสดงข้อมูลทั้งหมดของตาราง  products โดยเรียงลำดับ  PName  จากมากไปน้อย ,SELECT  *  FROM products  ORDER BY  PName  DESC ;
แสดงข้อมูลทั้งหมดของตาราง  orders_details โดยเรียงลำดับ  ProductNo  จากมากไปน้อย ,SELECT  *  FROM orders_details  ORDER BY  ProductNo  DESC ;
แสดงProductNo ของ  orders_details โดยเรียงลำดับ  ProductNo  จากน้อยไปมาก ,SELECT  ProductNo  FROM orders_details  ORDER BY  ProductNo ;
"แสดงODate,Ototal,CustomerNo ของ  orderss โดยเรียงลำดับ  CustomerNo  จากน้อยไปมาก ","SELECT  ODate,Ototal,CustomerNo  FROM orderss  ORDER BY  CustomerNo ;"
แสดงquantity ของ  orders_details โดยเรียงลำดับ  quantity  จากน้อยไปมาก ,SELECT  quantity  FROM orders_details  ORDER BY  quantity ;
แสดงข้อมูลทั้งหมดของตาราง  products โดยเรียงลำดับ  ProductNo  จากมากไปน้อย ,SELECT  *  FROM products  ORDER BY  ProductNo  DESC ;
แสดงOtotal ของ  orderss โดยเรียงลำดับ  Ototal  จากน้อยไปมาก ,SELECT  Ototal  FROM orderss  ORDER BY  Ototal ;
แสดงข้อมูลทั้งหมดของตาราง  orderss โดยเรียงลำดับ  Ototal  จากมากไปน้อย ,SELECT  *  FROM orderss  ORDER BY  Ototal  DESC ;
แสดงข้อมูลทั้งหมดของตาราง  products โดยเรียงลำดับ  ProductNo  จากมากไปน้อย ,SELECT  *  FROM products  ORDER BY  ProductNo  DESC ;
"แสดงPTotal,PPrice,PName,ProductNo ของ  products โดยเรียงลำดับ  ProductNo  จากน้อยไปมาก ","SELECT  PTotal,PPrice,PName,ProductNo  FROM products  ORDER BY  ProductNo ;"
แสดงข้อมูลทั้งหมดของตาราง  orderss โดยเรียงลำดับ  ODate  จากมากไปน้อย ,SELECT  *  FROM orderss  ORDER BY  ODate  DESC ;
แสดงข้อมูลทั้งหมดของตาราง  orders_details โดยเรียงลำดับ  quantity  จากมากไปน้อย ,SELECT  *  FROM orders_details  ORDER BY  quantity  DESC ;
แสดงข้อมูลทั้งหมดของตาราง  orders_details โดยเรียงลำดับ  quantity  จากมากไปน้อย ,SELECT  *  FROM orders_details  ORDER BY  quantity  DESC ;
แสดงPTotal ของ  products โดยเรียงลำดับ  PTotal  จากน้อยไปมาก ,SELECT  PTotal  FROM products  ORDER BY  PTotal ;
"แสดงOrderNo,ProductNo,quantity ของ  orders_details โดยเรียงลำดับ  quantity  จากน้อยไปมาก ","SELECT  OrderNo,ProductNo,quantity  FROM orders_details  ORDER BY  quantity ;"
"แสดงPPrice,ProductNo,PTotal ของ  products โดยเรียงลำดับ  PTotal  จากน้อยไปมาก ","SELECT  PPrice,ProductNo,PTotal  FROM products  ORDER BY  PTotal ;"
แสดงOtotal ของ  orderss โดยเรียงลำดับ  Ototal  จากน้อยไปมาก ,SELECT  Ototal  FROM orderss  ORDER BY  Ototal ;
แสดงข้อมูลทั้งหมดของตาราง  ค่าเฉลี่ยของ total order และจำนวนของ  total order  Ototal  so that the orderss with the largest Ototal appear first  ซึ่ง total มากกว่า น้อยกว่า .,"SELECT Ototal, AVG(Ototal), CustomerNo =  COUNT(*) FROM orderss GROUP BY Ototal HAVING AVG(Ototal)  < 69 ;"
แสดงข้อมูลทั้งหมดของตาราง  ค่าเฉลี่ยของ quantity product และจำนวนของ  order number  OrderNo  so that the orders_details with the largest OrderNo appear first  ซึ่ง total มากกว่า น้อยกว่า .,"SELECT OrderNo, AVG(quantity), OrderNo =  COUNT(*) FROM orders_details GROUP BY OrderNo HAVING AVG(quantity)  < 29 ;"
แสดงข้อมูลทั้งหมดของตาราง  orders_details โดยเรียงลำดับ  ProductNo  จากมากไปน้อย ,SELECT  *  FROM orders_details  ORDER BY  ProductNo  DESC ;
แสดงข้อมูลทั้งหมดของตาราง  ค่าเฉลี่ยของ total order และจำนวนของ  total order  CustomerNo  so that the orderss with the largest CustomerNo appear first  ซึ่ง total มากกว่า น้อยกว่า .,"SELECT CustomerNo, AVG(Ototal), CustomerNo =  COUNT(*) FROM orderss GROUP BY CustomerNo HAVING AVG(Ototal)  < 71 ;"
แสดงข้อมูลทั้งหมดของตาราง  ค่าเฉลี่ยของ quantity product และจำนวนของ  order number  ProductNo  so that the orders_details with the largest ProductNo appear first  ซึ่ง total มากกว่า น้อยกว่า .,"SELECT ProductNo, AVG(quantity), OrderNo =  COUNT(*) FROM orders_details GROUP BY ProductNo HAVING AVG(quantity)  < 85 ;"
แสดง ค่าเฉลี่ยของ total order และจำนวนของ  total order  ODate  so that the orderss with the largest ODate appear first  ซึ่ง total มากกว่า น้อยกว่า .,"SELECT ODate, AVG(Ototal), CustomerNo =  COUNT(*) FROM orderss GROUP BY ODate HAVING AVG(Ototal)  < 71 ;"
แสดง ค่าเฉลี่ยของ price product และจำนวนของ  product number  ProductNo  so that the products with the largest ProductNo appear first  ซึ่ง total มากกว่า น้อยกว่า .,"SELECT ProductNo, AVG(PPrice), ProductNo =  COUNT(*) FROM products GROUP BY ProductNo HAVING AVG(PPrice)  < 37 ;"
แสดง ค่าเฉลี่ยของ quantity product และจำนวนของ  order number  โดยจัดกลุ่มตาม ProductNo  ซึ่งค่าเฉลี่ยของ  quantity product ต้องน้อยกว่า  46.,"SELECT ProductNo, AVG(quantity), OrderNo =  COUNT(*) FROM orders_details GROUP BY ProductNo HAVING AVG(quantity)  < 46 ;"
แสดง ค่าเฉลี่ยของ total order และจำนวนของ  total order  โดยจัดกลุ่มตาม ODate  ซึ่งค่าเฉลี่ยของ  total order ต้องน้อยกว่า  61.,"SELECT ODate, AVG(Ototal), CustomerNo =  COUNT(*) FROM orderss GROUP BY ODate HAVING AVG(Ototal)  < 61 ;"
แสดง ค่าเฉลี่ยของ price product และจำนวนของ  product number  โดยจัดกลุ่มตาม ProductNo  ซึ่งค่าเฉลี่ยของ  price product ต้องน้อยกว่า  39.,"SELECT ProductNo, AVG(PPrice), ProductNo =  COUNT(*) FROM products GROUP BY ProductNo HAVING AVG(PPrice)  < 39 ;"
แสดง ค่าเฉลี่ยของ price product และจำนวนของ  product number  โดยจัดกลุ่มตาม ProductNo  ซึ่งค่าเฉลี่ยของ  price product ต้องมากกว่า  72.,"SELECT ProductNo, AVG(PPrice), ProductNo =  COUNT(*) FROM products GROUP BY ProductNo HAVING AVG(PPrice)  > 72 ;"
แสดง ค่าเฉลี่ยของ total order และจำนวนของ  total order  โดยจัดกลุ่มตาม CustomerNo  ซึ่งค่าเฉลี่ยของ  total order ต้องน้อยกว่า  04.,"SELECT CustomerNo, AVG(Ototal), CustomerNo =  COUNT(*) FROM orderss GROUP BY CustomerNo HAVING AVG(Ototal)  < 04 ;"
แสดง ค่าเฉลี่ยของ total order และจำนวนของ  total order  โดยจัดกลุ่มตาม CustomerNo  ซึ่งค่าเฉลี่ยของ  total order ต้องมากกว่า  83.,"SELECT CustomerNo, AVG(Ototal), CustomerNo =  COUNT(*) FROM orderss GROUP BY CustomerNo HAVING AVG(Ototal)  > 83 ;"
แสดง ค่าเฉลี่ยของ total order และจำนวนของ  total order  โดยจัดกลุ่มตาม CustomerNo  ซึ่งค่าเฉลี่ยของ  total order ต้องน้อยกว่า  83.,"SELECT CustomerNo, AVG(Ototal), CustomerNo =  COUNT(*) FROM orderss GROUP BY CustomerNo HAVING AVG(Ototal)  < 83 ;"
แก้ไข quantity product ของ  quantity จาก 6 เป็น 300 ของตาราง orders_details  .,UPDATE orders_details SET quantity = 300  WHERE quantity = 6 ;
แก้ไข price product ของ  PPrice จาก 61 เป็น 527 ของตาราง products  .,UPDATE products SET PPrice = 527  WHERE PPrice = 61 ;
เปลี่ยน total product ของ  PTotal จาก 30 เป็น 535 ของตาราง products  .,UPDATE products SET PTotal = 535  WHERE PTotal = 30 ;
แก้ไข customer province ของ  CProvince จาก Chanthaburi เป็น Tvrxwnehdm ของตาราง customers  .,"UPDATE customers SET CProvince = ""Tvrxwnehdm""  WHERE CProvince = ""Chanthaburi"" ;"
เปลี่ยน date order ของ  ODate จาก 2016-04-12 เป็น 2017-01-23 ของตาราง orderss  .,"UPDATE orderss SET ODate = ""2017-01-23""  WHERE ODate = ""2016-04-12"" ;"
แก้ไข date order ของ  ODate จาก 2016-04-08 เป็น 2017-01-23 ของตาราง orderss  .,"UPDATE orderss SET ODate = ""2017-01-23""  WHERE ODate = ""2016-04-08"" ;"
แก้ไข product name จาก SVQTYFDHMO เป็น Wxemogfspa ของตาราง products  .,"UPDATE products SET PName = ""Wxemogfspa""  WHERE PName = ""SVQTYFDHMO"" ;"
แก้ไข quantity product จาก 4 เป็น 256 ของตาราง orders_details  .,UPDATE orders_details SET quantity = 256  WHERE quantity = 4 ;
แก้ไข total order จาก 3 เป็น 673 ของตาราง orderss  .,UPDATE orderss SET Ototal = 673  WHERE Ototal = 3 ;
เปลี่ยน total product  จาก 51 เป็น 836 ของตาราง products  .,UPDATE products SET PTotal = 836  WHERE PTotal = 51 ;
แก้ไข total product  จาก 30 เป็น 405 ของตาราง products  .,UPDATE products SET PTotal = 405  WHERE PTotal = 30 ;
แก้ไข quantity product  จาก 12 เป็น 150 ของตาราง orders_details  .,UPDATE orders_details SET quantity = 150  WHERE quantity = 12 ;
แก้ไข total order  จาก 5 เป็น 930 ของตาราง orderss  .,UPDATE orderss SET Ototal = 930  WHERE Ototal = 5 ;
แก้ไข customer address  จาก 214 M.12 เป็น Wutfvbmjog ของตาราง customers  .,"UPDATE customers SET CAddress = ""Wutfvbmjog""  WHERE CAddress = ""214 M.12"" ;"
เปลี่ยน quantity product  จาก 4 เป็น 415 ของตาราง orders_details  .,UPDATE orders_details SET quantity = 415  WHERE quantity = 4 ;
แสดง ค่าเฉลี่ยของ total order และจำนวนของ  date order  โดยจัดกลุ่มตาม Ototal  ซึ่งค่าเฉลี่ยของ  total order ต้องมากกว่า  76.,"SELECT Ototal, AVG(Ototal), ODate =  COUNT(*) FROM orders GROUP BY Ototal HAVING AVG(Ototal)  > 76 ;"
แสดง ค่าเฉลี่ยของ total order และจำนวนของ  date order  โดยจัดกลุ่มตาม ProductNo  ซึ่งค่าเฉลี่ยของ  total order ต้องน้อยกว่า  74.,"SELECT ProductNo, AVG(Ototal), ODate =  COUNT(*) FROM orders GROUP BY ProductNo HAVING AVG(Ototal)  < 74 ;"
แก้ไข price product ตาราง products เป็น 54 .,UPDATE products SET PPrice = 54 ;
แก้ไข total product ตาราง products เป็น 891 .,UPDATE products SET PTotal = 891 ;
แก้ไข product name ตาราง products เป็น Inlzkxpbur .,"UPDATE products SET PName = ""Inlzkxpbur"" ;"
แก้ไข product name ตาราง products เป็น Byhulgkrwc .,"UPDATE products SET PName = ""Byhulgkrwc"" ;"
เปลี่ยน price product  จาก 33 เป็น 737 ของตาราง products  .,UPDATE products SET PPrice = 737  WHERE PPrice = 33 ;
แก้ไข date order  จาก 2016-04-08 เป็น 2017-01-23 ของตาราง orderss  .,"UPDATE orderss SET ODate = ""2017-01-23""  WHERE ODate = ""2016-04-08"" ;"
แก้ไข total product ของตาราง products เป็น 674 .,UPDATE products SET PTotal = 674 ;
เปลี่ยน price product ของตาราง products เป็น 341 .,UPDATE products SET PPrice = 341 ;
แก้ไข customer address ของตาราง customers เป็น Mhyilroftz .,"UPDATE customers SET CAddress = ""Mhyilroftz"" ;"
เปลี่ยน total product  จาก 30 เป็น 906 ของตาราง products  .,UPDATE products SET PTotal = 906  WHERE PTotal = 30 ;
แก้ไข date order  จาก 2016-04-08 เป็น 2017-01-23 ของตาราง orderss  .,"UPDATE orderss SET ODate = ""2017-01-23""  WHERE ODate = ""2016-04-08"" ;"
"เพิ่ม ข้อมูลใหม่ของ เรคคอร์ด  (""Vfgwjk"", ""2017-01-23"", 931 , ""CU-002"") ลงในตาราง orderss .","INSERT INTO orderss  VALUES (""Vfgwjk"", ""2017-01-23"", 931 , ""CU-002"");"
"เพิ่ม ข้อมูลใหม่ของ เรคคอร์ด  (""Jnp"", ""Iqzpohrbne"", 803 , 326 ) ลงในตาราง products .","INSERT INTO products  VALUES (""Jnp"", ""Iqzpohrbne"", 803 , 326 );"
"เพิ่ม ข้อมูลใหม่ของ เรคคอร์ด  (""004"", ""OR-004"", 473 ) ลงในตาราง orders_details .","INSERT INTO orders_details  VALUES (""004"", ""OR-004"", 473 );"
"เพิ่ม ข้อมูลใหม่ของ เรคคอร์ด  สำหรับ (""Vfgwjk"", ""2017-01-23"", 931 , ""CU-002"") ลงในตาราง orderss .","INSERT INTO orderss  VALUES (""Vfgwjk"", ""2017-01-23"", 931 , ""CU-002"");"
"เพิ่ม ข้อมูลใหม่ของ เรคคอร์ด  (""Lmcrdi"", ""2017-01-23"", 861 , ""CU-002"") ลงในตาราง orderss .","INSERT INTO orderss  VALUES (""Lmcrdi"", ""2017-01-23"", 861 , ""CU-002"");"
"เพิ่ม ข้อมูลใหม่ของ เรคคอร์ด  (""004"", ""OR-004"", 381 ) ลงในตาราง orders_details .","INSERT INTO orders_details  VALUES (""004"", ""OR-004"", 381 );"
"เพิ่ม ข้อมูลใหม่ของ เรคคอร์ด  ลงในตาราง orderss (""Lmcrdi"", ""2017-01-23"", 861 , ""CU-002"") .","INSERT INTO orderss  VALUES (""Lmcrdi"", ""2017-01-23"", 861 , ""CU-002"");"
"เพิ่ม ข้อมูลใหม่ของ เรคคอร์ด  สำหรับ (""004"", ""OR-004"", 381 ) ลงในตาราง orders_details .","INSERT INTO orders_details  VALUES (""004"", ""OR-004"", 381 );"
"เพิ่มข้อมูลใหม่ของ เรคคอร์ด ลงในตาราง orders_details (""004"", ""OR-004"", 163 ) .","INSERT INTO orders_details  VALUES (""004"", ""OR-004"", 163 );"
"เพิ่มข้อมูลใหม่ของ เรคคอร์ด สำหรับ (""004"", ""OR-004"", 163 )ลงในตาราง orders_details .","INSERT INTO orders_details  VALUES (""004"", ""OR-004"", 163 );"
"เพิ่มข้อมูลใหม่ของ เรคคอร์ด สำหรับ (""Pqlemj"", ""2017-01-23"", 953 , ""CU-002"")ลงในตาราง orderss .","INSERT INTO orderss  VALUES (""Pqlemj"", ""2017-01-23"", 953 , ""CU-002"");"
"เพิ่มข้อมูลใหม่ของ เรคคอร์ด  (""Uqivfw"", ""Gdyvlfuk"", ""Ropbtgislj"", ""Lbqoguecrs"", ""0487635100"")ลงในตาราง customers .","INSERT INTO customers  (CustomerNo, CName, CAddress, CProvince, CPhone)  VALUES (""Uqivfw"", ""Gdyvlfuk"", ""Ropbtgislj"", ""Lbqoguecrs"", ""0487635100"");"
ลบ OR-004 จาก the orders_details ตาราง .,"DELETE FROM orders_details  WHERE OrderNo = ""OR-004"" ;"
ลบ 003 จาก the orders_details ตาราง .,"DELETE FROM orders_details  WHERE ProductNo = ""003"" ;"
ลบ 001 จาก the orders_details ตาราง .,"DELETE FROM orders_details  WHERE ProductNo = ""001"" ;"
ลบ ข้อมูลทั้งหมด ของ ตาราง orders_detailsที่มี   เท่ากับ 6.,DELETE FROM orders_details  WHERE quantity = 6 ;
ลบ ข้อมูลทั้งหมด ของ ตาราง orders_detailsที่มี   เท่ากับ 003.,"DELETE FROM orders_details  WHERE ProductNo = ""003"" ;"
ลบ 12 จาก the orders_details ตาราง .,DELETE FROM orders_details  WHERE quantity = 12 ;
ลบ 4 จาก the orders_details ตาราง .,DELETE FROM orders_details  WHERE quantity = 4 ;
ลบ 003 จาก the orders_details ตาราง .,"DELETE FROM orders_details  WHERE ProductNo = ""003"" ;"
ลบ ข้อมูลทั้งหมด ของ ตาราง orders_detailswhich contain 6 .,DELETE FROM orders_details  WHERE quantity = 6 ;
ลบ 4 จาก the orders_details ตาราง .,DELETE FROM orders_details  WHERE quantity = 4 ;
ลบ OR-002 จาก the orders_details ตาราง .,"DELETE FROM orders_details  WHERE OrderNo = ""OR-002"" ;"
ลบ ข้อมูลทั้งหมด ของ ตาราง orders_detailswhich contain 004 .,"DELETE FROM orders_details  WHERE ProductNo = ""004"" ;"
ลบ 001 จาก the orders_details ตาราง .,"DELETE FROM orders_details  WHERE ProductNo = ""001"" ;"
ลบ 004 จาก the orders_details ตาราง .,"DELETE FROM orders_details  WHERE ProductNo = ""004"" ;"
ลบ ข้อมูลทั้งหมด ของ ตาราง orders_details  which contain 6 .,DELETE FROM orders_details  WHERE quantity = 6 ;
ลบ ข้อมูลทั้งหมด ของ ตาราง orders_details  which contain 12 .,DELETE FROM orders_details  WHERE quantity = 12 ;
ลบ OR-004 จาก the orders_details ตาราง .,"DELETE FROM orders_details  WHERE OrderNo = ""OR-004"" ;"
ลบ 6 จาก the orders_details ตาราง .,DELETE FROM orders_details  WHERE quantity = 6 ;
ลบ OR-004 จาก the orders_details ตาราง .,"DELETE FROM orders_details  WHERE OrderNo = ""OR-004"" ;"
ลบ ข้อมูลทั้งหมด ของ ตาราง orders_details  ที่มีOrderNo เท่ากับ OR-004 .,"DELETE FROM orders_details  WHERE OrderNo = ""OR-004"" ;"
ลบ 12 จาก the orders_details ตาราง .,DELETE FROM orders_details  WHERE quantity = 12 ;
ลบ ข้อมูลทั้งหมด ของ ตาราง orders_details  ที่มีOrderNo เท่ากับ OR-004 .,"DELETE FROM orders_details  WHERE OrderNo = ""OR-004"" ;"
ลบ OR-002 จาก the orders_details ตาราง .,"DELETE FROM orders_details  WHERE OrderNo = ""OR-002"" ;"
ลบ ข้อมูลทั้งหมด ของ ตาราง orders_details  ที่มีProductNo เท่ากับ 001 .,"DELETE FROM orders_details  WHERE ProductNo = ""001"" ;"
ลบ ข้อมูลทั้งหมด ของ ตาราง orders_details  ที่มีProductNo เท่ากับ 003 .,"DELETE FROM orders_details  WHERE ProductNo = ""003"" ;"
ลบ 4 ออกจากตาราง orders_details .,DELETE FROM orders_details  WHERE quantity = 4 ;
ลบ ข้อมูลทั้งหมด ของ ตาราง orders_details  ที่มีquantity เท่ากับ 6 .,DELETE FROM orders_details  WHERE quantity = 6 ;
ลบ 004 ออกจากตาราง orders_details .,"DELETE FROM orders_details  WHERE ProductNo = ""004"" ;"
ลบ 001 ออกจากตาราง orders_details .,"DELETE FROM orders_details  WHERE ProductNo = ""001"" ;"
ลบ ข้อมูลทั้งหมด ของ ตาราง orders_details  ที่มีOrderNo เท่ากับ OR-002 .,"DELETE FROM orders_details  WHERE OrderNo = ""OR-002"" ;"
ลบ OR-004 ออกจากตาราง orders_details .,"DELETE FROM orders_details  WHERE OrderNo = ""OR-004"" ;"
ลบ ข้อมูลทั้งหมด ของ ตาราง products .,DELETE FROM products ;
ลบ ข้อมูลทั้งหมด ของ ตาราง customers .,DELETE FROM customers ;
ลบ ข้อมูลทั้งหมด ของ ตาราง orderss .,DELETE FROM orderss ;
ลบ ข้อมูลทั้งหมด ของ ตาราง orders_details .,DELETE FROM orders_details ;
ลบข้อมูลทั้งหมด ของ ตาราง products .,DELETE FROM products ;
ลบ ข้อมูลทั้งหมดของ products .,DELETE FROM products ;
ลบข้อมูลของตาราง products ที่มี price product เท่ากับ 62,DELETE FROM products  WHERE PPrice = 62 ;
ลบข้อมูลของตาราง orderss ที่มี date order เท่ากับ 2016-04-08,"DELETE FROM orderss  WHERE ODate = ""2016-04-08"" ;"
ลบข้อมูลของตาราง products ที่มี total product เท่ากับ 30,DELETE FROM products  WHERE PTotal = 30 ;
ลบข้อมูลของตาราง customers ที่มี customer province เท่ากับ Chanthaburi .,"DELETE FROM customers  WHERE CProvince = ""Chanthaburi"" ;"
ลบข้อมูลของตาราง customers ที่มี phone number เท่ากับ 0864364549 .,"DELETE FROM customers  WHERE CPhone = ""0864364549"" ;"
ลบข้อมูลของตาราง orderss ที่มี total order เท่ากับ 5 .,DELETE FROM orderss  WHERE Ototal = 5 ;
